-- phpMyAdmin SQL Dump
-- version 4.5.1
-- http://www.phpmyadmin.net
--
-- Client :  127.0.0.1
-- Généré le :  Mer 12 Octobre 2022 à 17:02
-- Version du serveur :  5.7.9
-- Version de PHP :  5.6.15

SET SQL_MODE = "NO_AUTO_VALUE_ON_ZERO";
SET time_zone = "+00:00";


/*!40101 SET @OLD_CHARACTER_SET_CLIENT=@@CHARACTER_SET_CLIENT */;
/*!40101 SET @OLD_CHARACTER_SET_RESULTS=@@CHARACTER_SET_RESULTS */;
/*!40101 SET @OLD_COLLATION_CONNECTION=@@COLLATION_CONNECTION */;
/*!40101 SET NAMES utf8mb4 */;

--
-- Base de données :  `facturation`
--

-- --------------------------------------------------------

--
-- Structure de la table `chargeur`
--

DROP TABLE IF EXISTS `chargeur`;
CREATE TABLE IF NOT EXISTS `chargeur` (
  `IDENTIFIANT` int(100) NOT NULL AUTO_INCREMENT,
  `NOM` mediumtext NOT NULL,
  `VILLE` varchar(10000) NOT NULL,
  `STATUT` int(1) NOT NULL COMMENT '0=Actif 1=inactif',
  `NUM_CC` varchar(100) DEFAULT NULL,
  PRIMARY KEY (`IDENTIFIANT`)
) ENGINE=InnoDB AUTO_INCREMENT=542 DEFAULT CHARSET=utf8;

--
-- Contenu de la table `chargeur`
--

INSERT INTO `chargeur` (`IDENTIFIANT`, `NOM`, `VILLE`, `STATUT`, `NUM_CC`) VALUES
(56, 'CARGILL COCOA SARL', '', 1, '411230058'),
(176, 'OUTSPAN IVOIRE SA', '', 0, '411230012'),
(275, 'IVOIRE COTON', '', 0, '411230099'),
(541, 'AWAHUS SERVICES SARL', '', 0, '411230338');

-- --------------------------------------------------------

--
-- Structure de la table `email`
--

DROP TABLE IF EXISTS `email`;
CREATE TABLE IF NOT EXISTS `email` (
  `IDENTIFIANT` int(11) NOT NULL AUTO_INCREMENT,
  `LIBELLE` varchar(100) NOT NULL,
  `ID_USER` int(10) NOT NULL,
  `STATUT` int(1) NOT NULL,
  PRIMARY KEY (`IDENTIFIANT`)
) ENGINE=MyISAM AUTO_INCREMENT=6 DEFAULT CHARSET=latin1;

--
-- Contenu de la table `email`
--

INSERT INTO `email` (`IDENTIFIANT`, `LIBELLE`, `ID_USER`, `STATUT`) VALUES
(1, 'abrosteph@yahoo.fr', 10, 0),
(2, 'abrosteph@gmail.com', 10, 0),
(3, 'stephaneabro@cci.ci', 10, 0),
(4, 'abrosteph@cci.ci', 2, 1),
(5, 'stephaneabro@cci.ci', 2, 0);

-- --------------------------------------------------------

--
-- Structure de la table `facture`
--

DROP TABLE IF EXISTS `facture`;
CREATE TABLE IF NOT EXISTS `facture` (
  `IDENTIFIANT` int(11) NOT NULL AUTO_INCREMENT,
  `ANNEE` varchar(4) NOT NULL,
  `MOIS` varchar(2) NOT NULL,
  `TYPE` int(1) NOT NULL COMMENT '1=cafe/cacao  2=autres',
  `NUM_FACTURE` varchar(100) NOT NULL,
  `ID_CHAR` int(11) NOT NULL,
  `ID_USER` int(11) NOT NULL,
  `NBCH` int(10) NOT NULL,
  `NBTC` int(10) NOT NULL,
  `NBPONT` int(11) NOT NULL,
  `MONTANT` int(10) NOT NULL,
  `SEND_MAIL` datetime DEFAULT NULL,
  PRIMARY KEY (`IDENTIFIANT`)
) ENGINE=MyISAM AUTO_INCREMENT=1007 DEFAULT CHARSET=latin1;

--
-- Contenu de la table `facture`
--

INSERT INTO `facture` (`IDENTIFIANT`, `ANNEE`, `MOIS`, `TYPE`, `NUM_FACTURE`, `ID_CHAR`, `ID_USER`, `NBCH`, `NBTC`, `NBPONT`, `MONTANT`, `SEND_MAIL`) VALUES
(945, '2022', '01', 1, 'SOLCC2202', 0, 58, 12, 848, 896, 2332000, NULL),
(946, '2022', '01', 1, 'SOLCC2203', 0, 59, 4, 103, 122, 283250, NULL),
(944, '2022', '01', 1, 'SOLCC2201', 0, 48, 4, 137, 141, 376750, NULL),
(943, '2022', '01', 1, 'SOLCC2299', 0, 45, 2, 38, 42, 104500, NULL),
(942, '2022', '01', 1, 'SOLCC2298', 0, 44, 1, 86, 90, 236500, NULL),
(941, '2022', '01', 1, 'SOLCC2297', 0, 37, 2, 749, 893, 2059750, NULL),
(940, '2022', '01', 1, 'SOLCC2296', 0, 35, 7, 193, 205, 530750, NULL),
(939, '2022', '01', 1, 'SOLCC2295', 0, 31, 1, 75, 98, 206250, NULL),
(938, '2022', '01', 1, 'SOLCC2294', 0, 29, 15, 420, 438, 1155000, NULL),
(937, '2022', '01', 1, 'SOLCC2293', 0, 28, 3, 3, 5, 8250, NULL),
(936, '2022', '01', 1, 'SOLCC2292', 0, 25, 1, 139, 167, 382250, NULL),
(935, '2022', '01', 1, 'SOLCC2291', 0, 23, 12, 818, 846, 2249500, NULL),
(934, '2022', '01', 1, 'SOLCC2290', 0, 19, 1, 3, 4, 8250, NULL),
(933, '2022', '01', 1, 'SOLCC2289', 0, 17, 1, 117, 130, 321750, NULL),
(932, '2022', '01', 1, 'SOLCC2288', 0, 10, 28, 1637, 1741, 4501750, '2022-07-11 09:12:24'),
(931, '2022', '01', 1, 'SOLCC2287', 0, 7, 1, 1, 1, 2750, NULL),
(930, '2022', '01', 1, 'SOLCC2286', 0, 5, 12, 442, 478, 1215500, NULL),
(964, '2022', '01', 1, 'SOLCC2223', 541, 0, 1, 287, 2, 789250, NULL),
(963, '2022', '01', 1, 'SOLCC2222', 176, 0, 1, 521, 14, 1432750, NULL),
(927, '2022', '01', 2, 'SOL220676', 0, 103, 1, 27, 30, 74250, NULL),
(926, '2022', '01', 2, 'SOL220675', 0, 100, 1, 171, 202, 470250, NULL),
(925, '2022', '01', 2, 'SOL220674', 0, 96, 50, 225, 246, 618750, NULL),
(924, '2022', '01', 2, 'SOL220673', 0, 95, 5, 21, 23, 57750, NULL),
(923, '2022', '01', 2, 'SOL220672', 0, 94, 1, 254, 301, 698500, NULL),
(922, '2022', '01', 2, 'SOL220671', 0, 93, 3, 60, 63, 165000, NULL),
(921, '2022', '01', 2, 'SOL220670', 0, 91, 62, 1822, 1985, 5010500, NULL),
(920, '2022', '01', 2, 'SOL220669', 0, 87, 2, 2, 2, 5500, NULL),
(919, '2022', '01', 2, 'SOL220668', 0, 83, 3, 39, 56, 107250, NULL),
(918, '2022', '01', 2, 'SOL220667', 0, 80, 1, 205, 249, 563750, NULL),
(917, '2022', '01', 2, 'SOL220666', 0, 78, 5, 978, 1168, 2689500, NULL),
(916, '2022', '01', 2, 'SOL220665', 0, 77, 1, 114, 122, 313500, NULL),
(915, '2022', '01', 2, 'SOL220664', 0, 69, 31, 364, 379, 1001000, NULL),
(914, '2022', '01', 2, 'SOL220663', 0, 67, 1, 144, 231, 396000, NULL),
(913, '2022', '01', 2, 'SOL220662', 0, 64, 1, 14, 18, 38500, NULL),
(912, '2022', '01', 2, 'SOL220661', 0, 63, 9, 105, 126, 288750, NULL),
(911, '2022', '01', 2, 'SOL220660', 0, 62, 3, 14, 15, 38500, NULL),
(806, '2022', '01', 2, 'SOL220544', 176, 0, 1, 2, 2, 5500, NULL),
(807, '2022', '01', 2, 'SOL220545', 275, 0, 1, 232, 6, 638000, NULL),
(910, '2022', '01', 2, 'SOL220659', 0, 61, 3, 17, 17, 46750, NULL),
(909, '2022', '01', 2, 'SOL220658', 0, 59, 3, 4, 4, 11000, NULL),
(908, '2022', '01', 2, 'SOL220657', 0, 58, 1, 1, 1, 2750, NULL),
(907, '2022', '01', 2, 'SOL220656', 0, 48, 7, 196, 329, 539000, NULL),
(906, '2022', '01', 2, 'SOL220655', 0, 35, 1, 13, 15, 35750, NULL),
(905, '2022', '01', 2, 'SOL220654', 0, 33, 1, 3, 3, 8250, NULL),
(904, '2022', '01', 2, 'SOL220653', 0, 31, 1, 16, 16, 44000, NULL),
(903, '2022', '01', 2, 'SOL220652', 0, 29, 18, 124, 128, 341000, NULL),
(902, '2022', '01', 2, 'SOL220651', 0, 28, 8, 602, 642, 1655500, NULL),
(901, '2022', '01', 2, 'SOL220650', 0, 27, 1, 22, 25, 60500, NULL),
(900, '2022', '01', 2, 'SOL220649', 0, 24, 1, 6, 6, 16500, NULL),
(899, '2022', '01', 2, 'SOL220648', 0, 23, 2, 2, 5, 5500, NULL),
(898, '2022', '01', 2, 'SOL220647', 0, 20, 5, 12, 20, 33000, NULL),
(897, '2022', '01', 2, 'SOL220646', 0, 19, 1, 410, 426, 1127500, NULL),
(896, '2022', '01', 2, 'SOL220645', 0, 18, 1, 27, 29, 74250, NULL),
(895, '2022', '01', 2, 'SOL220644', 0, 16, 2, 210, 234, 577500, NULL),
(894, '2022', '01', 2, 'SOL220643', 0, 13, 2, 292, 351, 803000, NULL),
(888, '2022', '01', 2, 'SOL220637', 0, 2, 1, 138, 165, 379500, '2022-07-11 08:22:38'),
(889, '2022', '01', 2, 'SOL220638', 0, 5, 68, 1256, 1290, 3454000, NULL),
(890, '2022', '01', 2, 'SOL220639', 0, 8, 1, 20, 25, 55000, NULL),
(891, '2022', '01', 2, 'SOL220640', 0, 9, 1, 118, 134, 324500, NULL),
(892, '2022', '01', 2, 'SOL220641', 0, 10, 53, 1078, 1137, 2964500, '2022-07-11 09:12:24'),
(893, '2022', '01', 2, 'SOL220642', 0, 12, 7, 125, 149, 343750, NULL),
(953, '2022', '01', 1, 'SOLCC2210', 0, 83, 5, 529, 738, 1454750, NULL),
(952, '2022', '01', 1, 'SOLCC2209', 0, 76, 2, 705, 855, 1938750, NULL),
(951, '2022', '01', 1, 'SOLCC2208', 0, 69, 3, 245, 249, 673750, NULL),
(949, '2022', '01', 1, 'SOLCC2206', 0, 63, 6, 134, 147, 368500, NULL),
(950, '2022', '01', 1, 'SOLCC2207', 0, 65, 2, 356, 389, 979000, NULL),
(948, '2022', '01', 1, 'SOLCC2205', 0, 62, 2, 14, 24, 38500, NULL),
(947, '2022', '01', 1, 'SOLCC2204', 0, 61, 1, 38, 38, 104500, NULL),
(1006, '2022', '03', 2, 'SOL220730', 0, 103, 1, 13, 15, 35750, NULL),
(1005, '2022', '03', 2, 'SOL220729', 0, 100, 1, 62, 66, 170500, NULL),
(1004, '2022', '03', 2, 'SOL220728', 0, 96, 23, 127, 129, 349250, NULL),
(1003, '2022', '03', 2, 'SOL220727', 0, 95, 1, 1, 1, 2750, NULL),
(1002, '2022', '03', 2, 'SOL220726', 0, 94, 1, 113, 128, 310750, NULL),
(1001, '2022', '03', 2, 'SOL220725', 0, 93, 2, 23, 23, 63250, NULL),
(1000, '2022', '03', 2, 'SOL220724', 0, 91, 40, 408, 429, 1122000, NULL),
(999, '2022', '03', 2, 'SOL220723', 0, 89, 6, 92, 99, 253000, NULL),
(998, '2022', '03', 2, 'SOL220722', 0, 87, 2, 28, 60, 77000, NULL),
(997, '2022', '03', 2, 'SOL220721', 0, 83, 4, 32, 49, 88000, NULL),
(996, '2022', '03', 2, 'SOL220720', 0, 80, 1, 75, 84, 206250, NULL),
(995, '2022', '03', 2, 'SOL220719', 0, 78, 5, 278, 295, 764500, NULL),
(994, '2022', '03', 2, 'SOL220718', 0, 77, 1, 44, 45, 121000, NULL),
(993, '2022', '03', 2, 'SOL220717', 0, 76, 1, 1, 1, 2750, NULL),
(992, '2022', '03', 2, 'SOL220716', 0, 69, 18, 163, 168, 448250, NULL),
(991, '2022', '03', 2, 'SOL220715', 0, 67, 1, 43, 45, 118250, NULL),
(990, '2022', '03', 2, 'SOL220714', 0, 64, 1, 3, 3, 8250, NULL),
(989, '2022', '03', 2, 'SOL220713', 0, 63, 7, 27, 37, 74250, NULL),
(988, '2022', '03', 2, 'SOL220712', 0, 62, 1, 40, 41, 110000, NULL),
(987, '2022', '03', 2, 'SOL220711', 0, 61, 1, 39, 40, 107250, NULL),
(986, '2022', '03', 2, 'SOL220710', 0, 48, 9, 71, 97, 195250, NULL),
(985, '2022', '03', 2, 'SOL220709', 0, 46, 1, 393, 488, 1080750, NULL),
(984, '2022', '03', 2, 'SOL220708', 0, 35, 1, 6, 7, 16500, NULL),
(983, '2022', '03', 2, 'SOL220707', 0, 33, 2, 42, 42, 115500, NULL),
(982, '2022', '03', 2, 'SOL220706', 0, 31, 1, 7, 7, 19250, NULL),
(981, '2022', '03', 2, 'SOL220705', 0, 29, 10, 213, 245, 585750, NULL),
(980, '2022', '03', 2, 'SOL220704', 0, 28, 7, 459, 474, 1262250, NULL),
(979, '2022', '03', 2, 'SOL220703', 0, 27, 1, 9, 9, 24750, NULL),
(978, '2022', '03', 2, 'SOL220702', 0, 24, 1, 2, 2, 5500, NULL),
(977, '2022', '03', 2, 'SOL220701', 0, 23, 3, 43, 44, 118250, NULL),
(976, '2022', '03', 2, 'SOL220700', 0, 20, 10, 263, 276, 723250, NULL),
(975, '2022', '03', 2, 'SOL220699', 0, 19, 1, 177, 181, 486750, NULL),
(974, '2022', '03', 2, 'SOL220698', 0, 16, 2, 73, 77, 200750, NULL),
(973, '2022', '03', 2, 'SOL220697', 0, 13, 2, 103, 111, 283250, NULL),
(972, '2022', '03', 2, 'SOL220696', 0, 12, 2, 68, 78, 187000, NULL),
(971, '2022', '03', 2, 'SOL220695', 0, 10, 42, 499, 521, 1372250, '2022-09-11 15:58:55'),
(970, '2022', '03', 2, 'SOL220694', 0, 9, 1, 50, 57, 137500, NULL),
(969, '2022', '03', 2, 'SOL220693', 0, 8, 1, 9, 10, 24750, NULL),
(968, '2022', '03', 2, 'SOL220692', 0, 5, 50, 539, 571, 1482250, NULL),
(967, '2022', '03', 2, 'SOL220691', 0, 2, 1, 58, 64, 159500, '2022-09-11 15:58:55'),
(966, '2022', '03', 2, 'SOL220681', 275, 0, 1, 119, 6, 327250, NULL),
(965, '2022', '03', 2, 'SOL220680', 176, 0, 1, 1, 1, 2750, NULL),
(149, '2021', '12', 2, 'SOL210085', 176, 0, 1, 1, 1, 2750, NULL),
(150, '2021', '12', 2, 'SOL210086', 275, 0, 1, 115, 6, 316250, NULL),
(151, '2021', '12', 2, 'SOL210087', 0, 2, 1, 144, 184, 396000, '2022-06-09 11:28:25'),
(152, '2021', '12', 2, 'SOL210088', 0, 5, 95, 1274, 1533, 3503500, NULL),
(153, '2021', '12', 2, 'SOL210089', 0, 8, 1, 34, 44, 93500, NULL),
(154, '2021', '12', 2, 'SOL210090', 0, 9, 1, 134, 179, 368500, NULL),
(155, '2021', '12', 2, 'SOL210091', 0, 10, 56, 867, 951, 2384250, '2022-06-09 12:14:49'),
(156, '2021', '12', 2, 'SOL210092', 0, 12, 8, 128, 152, 352000, NULL),
(157, '2021', '12', 2, 'SOL210093', 0, 13, 2, 211, 261, 580250, NULL),
(158, '2021', '12', 2, 'SOL210094', 0, 16, 2, 202, 218, 555500, NULL),
(159, '2021', '12', 2, 'SOL210095', 0, 18, 1, 75, 88, 206250, NULL),
(160, '2021', '12', 2, 'SOL210096', 0, 19, 1, 440, 512, 1210000, NULL),
(161, '2021', '12', 2, 'SOL210097', 0, 20, 6, 90, 97, 247500, NULL),
(162, '2021', '12', 2, 'SOL210098', 0, 23, 2, 4, 4, 11000, NULL),
(163, '2021', '12', 2, 'SOL210099', 0, 24, 1, 39, 66, 107250, NULL),
(164, '2021', '12', 2, 'SOL210100', 0, 27, 1, 33, 47, 90750, NULL),
(165, '2021', '12', 2, 'SOL210101', 0, 28, 9, 740, 904, 2035000, NULL),
(166, '2021', '12', 2, 'SOL210102', 0, 29, 14, 117, 158, 321750, NULL),
(167, '2021', '12', 2, 'SOL210103', 0, 31, 1, 20, 26, 55000, NULL),
(168, '2021', '12', 2, 'SOL210104', 0, 33, 3, 10, 10, 27500, NULL),
(169, '2021', '12', 2, 'SOL210105', 0, 40, 1, 10, 10, 27500, NULL),
(170, '2021', '12', 2, 'SOL210106', 0, 46, 1, 81, 91, 222750, NULL),
(171, '2021', '12', 2, 'SOL210107', 0, 48, 5, 72, 121, 198000, NULL),
(172, '2021', '12', 2, 'SOL210108', 0, 58, 1, 1, 1, 2750, NULL),
(173, '2021', '12', 2, 'SOL210109', 0, 59, 1, 1, 1, 2750, NULL),
(174, '2021', '12', 2, 'SOL210110', 0, 61, 2, 11, 11, 30250, NULL),
(175, '2021', '12', 2, 'SOL210111', 0, 63, 17, 72, 73, 198000, NULL),
(176, '2021', '12', 2, 'SOL210112', 0, 64, 1, 12, 27, 33000, NULL),
(177, '2021', '12', 2, 'SOL210113', 0, 67, 1, 149, 276, 409750, NULL),
(178, '2021', '12', 2, 'SOL210114', 0, 69, 32, 286, 315, 786500, NULL),
(179, '2021', '12', 2, 'SOL210115', 0, 77, 1, 104, 130, 286000, NULL),
(180, '2021', '12', 2, 'SOL210116', 0, 78, 5, 788, 1145, 2167000, NULL),
(181, '2021', '12', 2, 'SOL210117', 0, 80, 2, 156, 185, 429000, NULL),
(182, '2021', '12', 2, 'SOL210118', 0, 83, 5, 59, 85, 162250, NULL),
(183, '2021', '12', 2, 'SOL210119', 0, 91, 64, 1356, 1587, 3729000, NULL),
(184, '2021', '12', 2, 'SOL210120', 0, 92, 1, 2, 2, 5500, NULL),
(185, '2021', '12', 2, 'SOL210121', 0, 93, 3, 50, 55, 137500, NULL),
(186, '2021', '12', 2, 'SOL210122', 0, 94, 1, 290, 353, 797500, NULL),
(187, '2021', '12', 2, 'SOL210123', 0, 95, 6, 43, 45, 118250, NULL),
(188, '2021', '12', 2, 'SOL210124', 0, 96, 58, 224, 259, 616000, NULL),
(189, '2021', '12', 2, 'SOL210125', 0, 98, 1, 1, 1, 2750, NULL),
(190, '2021', '12', 2, 'SOL210126', 0, 100, 1, 120, 137, 330000, NULL),
(191, '2021', '12', 2, 'SOL210127', 0, 103, 1, 28, 37, 77000, NULL),
(192, '2021', '12', 1, 'SOLCC2165', 56, 0, 1, 579, 1, 1592250, NULL),
(193, '2021', '12', 1, 'SOLCC2166', 176, 0, 1, 730, 13, 2007500, NULL),
(194, '2021', '12', 1, 'SOLCC2167', 275, 0, 1, 4, 2, 11000, NULL),
(195, '2021', '12', 1, 'SOLCC2168', 541, 0, 1, 222, 1, 610500, NULL),
(196, '2021', '12', 1, 'SOLCC2169', 0, 5, 13, 396, 424, 1089000, NULL),
(197, '2021', '12', 1, 'SOLCC2170', 0, 10, 36, 2592, 3007, 7128000, '2022-06-09 12:14:49'),
(198, '2021', '12', 1, 'SOLCC2171', 0, 17, 1, 75, 87, 206250, NULL),
(199, '2021', '12', 1, 'SOLCC2172', 0, 19, 1, 13, 15, 35750, NULL),
(200, '2021', '12', 1, 'SOLCC2173', 0, 20, 1, 3, 3, 8250, NULL),
(201, '2021', '12', 1, 'SOLCC2174', 0, 23, 11, 637, 660, 1751750, NULL),
(202, '2021', '12', 1, 'SOLCC2175', 0, 25, 1, 138, 160, 379500, NULL),
(203, '2021', '12', 1, 'SOLCC2176', 0, 28, 1, 11, 12, 30250, NULL),
(204, '2021', '12', 1, 'SOLCC2177', 0, 29, 13, 608, 740, 1672000, NULL),
(205, '2021', '12', 1, 'SOLCC2178', 0, 31, 1, 64, 84, 176000, NULL),
(206, '2021', '12', 1, 'SOLCC2179', 0, 35, 7, 152, 291, 418000, NULL),
(207, '2021', '12', 1, 'SOLCC2180', 0, 37, 1, 6, 7, 16500, NULL),
(208, '2021', '12', 1, 'SOLCC2181', 0, 44, 1, 29, 49, 79750, NULL),
(209, '2021', '12', 1, 'SOLCC2182', 0, 45, 2, 23, 23, 63250, NULL),
(210, '2021', '12', 1, 'SOLCC2183', 0, 48, 2, 85, 92, 233750, NULL),
(211, '2021', '12', 1, 'SOLCC2184', 0, 58, 7, 653, 849, 1795750, NULL),
(212, '2021', '12', 1, 'SOLCC2185', 0, 59, 5, 136, 143, 374000, NULL),
(213, '2021', '12', 1, 'SOLCC2186', 0, 61, 1, 6, 6, 16500, NULL),
(214, '2021', '12', 1, 'SOLCC2187', 0, 62, 5, 191, 266, 525250, NULL),
(215, '2021', '12', 1, 'SOLCC2188', 0, 63, 5, 201, 237, 552750, NULL),
(216, '2021', '12', 1, 'SOLCC2189', 0, 65, 2, 375, 417, 1031250, NULL),
(217, '2021', '12', 1, 'SOLCC2190', 0, 69, 2, 124, 127, 341000, NULL),
(218, '2021', '12', 1, 'SOLCC2191', 0, 76, 2, 769, 967, 2114750, NULL),
(219, '2021', '12', 1, 'SOLCC2192', 0, 83, 4, 334, 596, 918500, NULL),
(220, '2021', '12', 1, 'SOLCC2193', 0, 88, 1, 21, 22, 57750, NULL),
(221, '2021', '12', 1, 'SOLCC2194', 0, 91, 4, 11, 12, 30250, NULL),
(222, '2021', '12', 1, 'SOLCC2195', 0, 96, 3, 37, 93, 101750, NULL),
(223, '2021', '12', 1, 'SOLCC2196', 0, 98, 4, 261, 271, 717750, NULL),
(224, '2021', '12', 1, 'SOLCC2197', 0, 101, 5, 110, 112, 302500, NULL),
(225, '2021', '12', 1, 'SOLCC2198', 0, 109, 6, 156, 212, 429000, NULL),
(226, '2021', '11', 1, 'SOLCC2199', 56, 0, 1, 615, 1, 1691250, NULL),
(227, '2021', '11', 1, 'SOLCC2101', 176, 0, 1, 658, 13, 1809500, NULL),
(228, '2021', '11', 1, 'SOLCC2102', 275, 0, 1, 3, 2, 8250, NULL),
(229, '2021', '11', 1, 'SOLCC2103', 541, 0, 1, 144, 1, 396000, NULL),
(230, '2021', '11', 1, 'SOLCC2104', 0, 5, 13, 178, 193, 489500, NULL),
(231, '2021', '11', 1, 'SOLCC2105', 0, 10, 31, 2177, 2314, 5986750, '2022-05-09 14:04:28'),
(232, '2021', '11', 1, 'SOLCC2106', 0, 17, 1, 100, 141, 275000, NULL),
(233, '2021', '11', 1, 'SOLCC2107', 0, 23, 11, 678, 702, 1864500, NULL),
(234, '2021', '11', 1, 'SOLCC2108', 0, 25, 1, 145, 202, 398750, NULL),
(235, '2021', '11', 1, 'SOLCC2109', 0, 28, 2, 11, 11, 30250, NULL),
(236, '2021', '11', 1, 'SOLCC2110', 0, 29, 11, 750, 813, 2062500, NULL),
(237, '2021', '11', 1, 'SOLCC2111', 0, 31, 1, 52, 74, 143000, NULL),
(238, '2021', '11', 1, 'SOLCC2112', 0, 35, 3, 60, 64, 165000, NULL),
(239, '2021', '11', 1, 'SOLCC2113', 0, 37, 1, 30, 31, 82500, NULL),
(240, '2021', '11', 1, 'SOLCC2114', 0, 44, 1, 33, 35, 90750, NULL),
(241, '2021', '11', 1, 'SOLCC2115', 0, 45, 2, 31, 33, 85250, NULL),
(242, '2021', '11', 1, 'SOLCC2116', 0, 48, 2, 45, 47, 123750, NULL),
(243, '2021', '11', 1, 'SOLCC2117', 0, 58, 4, 510, 536, 1402500, NULL),
(244, '2021', '11', 1, 'SOLCC2118', 0, 59, 6, 131, 138, 360250, NULL),
(245, '2021', '11', 1, 'SOLCC2119', 0, 61, 1, 50, 52, 137500, NULL),
(246, '2021', '11', 1, 'SOLCC2120', 0, 62, 2, 32, 36, 88000, NULL),
(247, '2021', '11', 1, 'SOLCC2121', 0, 63, 3, 32, 36, 88000, NULL),
(248, '2021', '11', 1, 'SOLCC2122', 0, 65, 2, 397, 493, 1091750, NULL),
(249, '2021', '11', 1, 'SOLCC2123', 0, 69, 2, 192, 199, 528000, NULL),
(250, '2021', '11', 1, 'SOLCC2124', 0, 76, 2, 590, 870, 1622500, NULL),
(251, '2021', '11', 1, 'SOLCC2125', 0, 83, 3, 349, 457, 959750, NULL),
(252, '2021', '11', 1, 'SOLCC2126', 0, 88, 1, 14, 15, 38500, NULL),
(253, '2021', '11', 1, 'SOLCC2127', 0, 91, 2, 3, 4, 8250, NULL),
(254, '2021', '11', 1, 'SOLCC2128', 0, 95, 1, 1, 1, 2750, NULL),
(255, '2021', '11', 1, 'SOLCC2129', 0, 96, 3, 39, 39, 107250, NULL),
(256, '2021', '11', 1, 'SOLCC2130', 0, 98, 4, 147, 152, 404250, NULL),
(257, '2021', '11', 1, 'SOLCC2131', 0, 101, 1, 92, 93, 253000, NULL),
(258, '2021', '11', 1, 'SOLCC2132', 0, 109, 2, 73, 76, 200750, NULL),
(259, '2021', '11', 2, 'SOL210128', 275, 0, 1, 62, 4, 170500, NULL),
(260, '2021', '11', 2, 'SOL210129', 0, 2, 1, 159, 217, 437250, '2022-05-09 14:04:28'),
(261, '2021', '11', 2, 'SOL210130', 0, 5, 103, 1361, 1430, 3742750, NULL),
(262, '2021', '11', 2, 'SOL210131', 0, 8, 1, 30, 34, 82500, NULL),
(263, '2021', '11', 2, 'SOL210132', 0, 9, 1, 142, 184, 390500, NULL),
(264, '2021', '11', 2, 'SOL210133', 0, 10, 77, 1152, 1208, 3168000, '2022-05-09 14:04:28'),
(265, '2021', '11', 2, 'SOL210134', 0, 12, 5, 138, 182, 379500, NULL),
(266, '2021', '11', 2, 'SOL210135', 0, 13, 2, 223, 326, 613250, NULL),
(267, '2021', '11', 2, 'SOL210136', 0, 16, 2, 246, 260, 676500, NULL),
(268, '2021', '11', 2, 'SOL210137', 0, 18, 1, 62, 63, 170500, NULL),
(269, '2021', '11', 2, 'SOL210138', 0, 19, 1, 443, 466, 1218250, NULL),
(270, '2021', '11', 2, 'SOL210139', 0, 20, 3, 23, 31, 63250, NULL),
(271, '2021', '11', 2, 'SOL210140', 0, 23, 9, 83, 85, 228250, NULL),
(272, '2021', '11', 2, 'SOL210141', 0, 24, 1, 45, 73, 123750, NULL),
(273, '2021', '11', 2, 'SOL210142', 0, 27, 1, 33, 48, 90750, NULL),
(274, '2021', '11', 2, 'SOL210143', 0, 28, 10, 1090, 1210, 2997500, NULL),
(275, '2021', '11', 2, 'SOL210144', 0, 29, 17, 198, 231, 544500, NULL),
(276, '2021', '11', 2, 'SOL210145', 0, 31, 1, 34, 43, 93500, NULL),
(277, '2021', '11', 2, 'SOL210146', 0, 33, 1, 1, 1, 2750, NULL),
(278, '2021', '11', 2, 'SOL210147', 0, 46, 1, 104, 119, 286000, NULL),
(279, '2021', '11', 2, 'SOL210148', 0, 48, 6, 82, 98, 225500, NULL),
(280, '2021', '11', 2, 'SOL210149', 0, 58, 1, 2, 2, 5500, NULL),
(281, '2021', '11', 2, 'SOL210150', 0, 61, 2, 11, 15, 30250, NULL),
(282, '2021', '11', 2, 'SOL210151', 0, 63, 17, 94, 105, 258500, NULL),
(283, '2021', '11', 2, 'SOL210152', 0, 64, 1, 15, 17, 41250, NULL),
(284, '2021', '11', 2, 'SOL210153', 0, 65, 1, 6, 7, 16500, NULL),
(285, '2021', '11', 2, 'SOL210154', 0, 67, 1, 145, 200, 398750, NULL),
(286, '2021', '11', 2, 'SOL210155', 0, 69, 30, 301, 311, 827750, NULL),
(287, '2021', '11', 2, 'SOL210156', 0, 77, 1, 125, 174, 343750, NULL),
(288, '2021', '11', 2, 'SOL210157', 0, 78, 5, 996, 1534, 2739000, NULL),
(289, '2021', '11', 2, 'SOL210158', 0, 80, 1, 129, 130, 354750, NULL),
(290, '2021', '11', 2, 'SOL210159', 0, 83, 6, 81, 122, 222750, NULL),
(291, '2021', '11', 2, 'SOL210160', 0, 91, 67, 1263, 1370, 3473250, NULL),
(292, '2021', '11', 2, 'SOL210161', 0, 93, 3, 47, 48, 129250, NULL),
(293, '2021', '11', 2, 'SOL210162', 0, 94, 1, 278, 400, 764500, NULL),
(294, '2021', '11', 2, 'SOL210163', 0, 95, 11, 29, 30, 79750, NULL),
(295, '2021', '11', 2, 'SOL210164', 0, 96, 58, 311, 326, 855250, NULL),
(296, '2021', '11', 2, 'SOL210165', 0, 98, 1, 1, 2, 2750, NULL),
(297, '2021', '11', 2, 'SOL210166', 0, 100, 1, 181, 258, 497750, NULL),
(298, '2021', '11', 2, 'SOL210167', 0, 103, 1, 31, 52, 85250, NULL),
(299, '2021', '10', 1, 'SOLCC2133', 56, 0, 1, 554, 1, 1523500, NULL),
(300, '2021', '10', 1, 'SOLCC2134', 176, 0, 1, 86, 4, 236500, NULL),
(301, '2021', '10', 1, 'SOLCC2135', 275, 0, 1, 2, 1, 5500, NULL),
(302, '2021', '10', 1, 'SOLCC2136', 541, 0, 1, 94, 1, 258500, NULL),
(303, '2021', '10', 1, 'SOLCC2137', 0, 5, 4, 55, 59, 151250, NULL),
(304, '2021', '10', 1, 'SOLCC2138', 0, 10, 24, 1060, 1185, 2915000, '2022-04-09 14:44:21'),
(305, '2021', '10', 1, 'SOLCC2139', 0, 16, 1, 1, 1, 2750, NULL),
(306, '2021', '10', 1, 'SOLCC2140', 0, 17, 1, 116, 126, 319000, NULL),
(307, '2021', '10', 1, 'SOLCC2141', 0, 23, 10, 443, 512, 1218250, NULL),
(308, '2021', '10', 1, 'SOLCC2142', 0, 25, 1, 145, 201, 398750, NULL),
(309, '2021', '10', 1, 'SOLCC2143', 0, 28, 1, 16, 16, 44000, NULL),
(310, '2021', '10', 1, 'SOLCC2144', 0, 29, 9, 136, 156, 374000, NULL),
(311, '2021', '10', 1, 'SOLCC2145', 0, 31, 1, 48, 71, 132000, NULL),
(312, '2021', '10', 1, 'SOLCC2146', 0, 35, 1, 57, 60, 156750, NULL),
(313, '2021', '10', 1, 'SOLCC2147', 0, 37, 1, 70, 70, 192500, NULL),
(314, '2021', '10', 1, 'SOLCC2148', 0, 44, 1, 69, 78, 189750, NULL),
(315, '2021', '10', 1, 'SOLCC2149', 0, 48, 1, 16, 36, 44000, NULL),
(316, '2021', '10', 1, 'SOLCC2150', 0, 58, 1, 13, 15, 35750, NULL),
(317, '2021', '10', 1, 'SOLCC2151', 0, 59, 3, 165, 175, 453750, NULL),
(318, '2021', '10', 1, 'SOLCC2152', 0, 61, 1, 48, 51, 132000, NULL),
(319, '2021', '10', 1, 'SOLCC2153', 0, 63, 1, 10, 20, 27500, NULL),
(320, '2021', '10', 1, 'SOLCC2154', 0, 65, 2, 449, 582, 1234750, NULL),
(321, '2021', '10', 1, 'SOLCC2155', 0, 69, 2, 180, 189, 495000, NULL),
(322, '2021', '10', 1, 'SOLCC2156', 0, 72, 1, 4, 4, 11000, NULL),
(323, '2021', '10', 1, 'SOLCC2157', 0, 76, 2, 701, 893, 1927750, NULL),
(324, '2021', '10', 1, 'SOLCC2158', 0, 83, 1, 76, 103, 209000, NULL),
(325, '2021', '10', 1, 'SOLCC2159', 0, 91, 2, 10, 10, 27500, NULL),
(326, '2021', '10', 1, 'SOLCC2160', 0, 95, 1, 1, 1, 2750, NULL),
(327, '2021', '10', 1, 'SOLCC2161', 0, 96, 2, 7, 9, 19250, NULL),
(328, '2021', '10', 1, 'SOLCC2162', 0, 98, 3, 141, 242, 387750, NULL),
(329, '2021', '10', 1, 'SOLCC2163', 0, 101, 1, 23, 26, 63250, NULL),
(330, '2021', '10', 2, 'SOL210168', 275, 0, 1, 297, 4, 816750, NULL),
(331, '2021', '10', 2, 'SOL210169', 0, 2, 1, 170, 224, 467500, '2022-04-09 14:44:21'),
(332, '2021', '10', 2, 'SOL210170', 0, 5, 79, 1252, 1328, 3443000, NULL),
(333, '2021', '10', 2, 'SOL210171', 0, 8, 1, 37, 43, 101750, NULL),
(334, '2021', '10', 2, 'SOL210172', 0, 9, 1, 95, 100, 261250, NULL),
(335, '2021', '10', 2, 'SOL210173', 0, 10, 74, 1544, 1666, 4246000, '2022-04-09 14:44:21'),
(336, '2021', '10', 2, 'SOL210174', 0, 12, 9, 215, 319, 591250, NULL),
(337, '2021', '10', 2, 'SOL210175', 0, 13, 2, 368, 412, 1012000, NULL),
(338, '2021', '10', 2, 'SOL210176', 0, 16, 3, 352, 459, 968000, NULL),
(339, '2021', '10', 2, 'SOL210177', 0, 18, 1, 59, 61, 162250, NULL),
(340, '2021', '10', 2, 'SOL210178', 0, 19, 1, 471, 550, 1295250, NULL),
(341, '2021', '10', 2, 'SOL210179', 0, 20, 4, 12, 12, 33000, NULL),
(342, '2021', '10', 2, 'SOL210180', 0, 23, 7, 149, 151, 409750, NULL),
(343, '2021', '10', 2, 'SOL210181', 0, 24, 1, 62, 74, 170500, NULL),
(344, '2021', '10', 2, 'SOL210182', 0, 27, 1, 36, 41, 99000, NULL),
(345, '2021', '10', 2, 'SOL210183', 0, 28, 5, 1049, 1317, 2884750, NULL),
(346, '2021', '10', 2, 'SOL210184', 0, 29, 22, 452, 501, 1243000, NULL),
(347, '2021', '10', 2, 'SOL210185', 0, 31, 1, 23, 32, 63250, NULL),
(348, '2021', '10', 2, 'SOL210186', 0, 33, 2, 37, 38, 101750, NULL),
(349, '2021', '10', 2, 'SOL210187', 0, 40, 2, 57, 81, 156750, NULL),
(350, '2021', '10', 2, 'SOL210188', 0, 46, 1, 335, 345, 921250, NULL),
(351, '2021', '10', 2, 'SOL210189', 0, 48, 6, 169, 266, 464750, NULL),
(352, '2021', '10', 2, 'SOL210190', 0, 49, 1, 36, 36, 99000, NULL),
(353, '2021', '10', 2, 'SOL210191', 0, 61, 6, 86, 86, 236500, NULL),
(354, '2021', '10', 2, 'SOL210192', 0, 63, 24, 150, 170, 412500, NULL),
(355, '2021', '10', 2, 'SOL210193', 0, 64, 1, 16, 23, 44000, NULL),
(356, '2021', '10', 2, 'SOL210194', 0, 65, 2, 29, 31, 79750, NULL),
(357, '2021', '10', 2, 'SOL210195', 0, 67, 1, 135, 195, 371250, NULL),
(358, '2021', '10', 2, 'SOL210196', 0, 69, 35, 418, 447, 1149500, NULL),
(359, '2021', '10', 2, 'SOL210197', 0, 77, 1, 156, 179, 429000, NULL),
(360, '2021', '10', 2, 'SOL210198', 0, 78, 5, 956, 1367, 2629000, NULL),
(361, '2021', '10', 2, 'SOL210199', 0, 80, 1, 120, 136, 330000, NULL),
(362, '2021', '10', 2, 'SOL210200', 0, 83, 4, 72, 91, 198000, NULL),
(363, '2021', '10', 2, 'SOL210201', 0, 91, 65, 1826, 2144, 5021500, NULL),
(364, '2021', '10', 2, 'SOL210202', 0, 92, 1, 7, 7, 19250, NULL),
(365, '2021', '10', 2, 'SOL210203', 0, 93, 3, 83, 109, 228250, NULL),
(366, '2021', '10', 2, 'SOL210204', 0, 94, 1, 305, 483, 838750, NULL),
(367, '2021', '10', 2, 'SOL210205', 0, 95, 35, 206, 290, 566500, NULL),
(368, '2021', '10', 2, 'SOL210206', 0, 96, 67, 241, 280, 662750, NULL),
(369, '2021', '10', 2, 'SOL210207', 0, 100, 1, 168, 194, 462000, NULL),
(370, '2021', '10', 2, 'SOL210208', 0, 103, 1, 39, 54, 107250, NULL),
(371, '2021', '09', 2, 'SOL210209', 176, 0, 1, 1, 1, 2750, NULL),
(372, '2021', '09', 2, 'SOL210210', 275, 0, 1, 352, 4, 968000, NULL),
(373, '2021', '09', 2, 'SOL210211', 0, 2, 1, 131, 159, 360250, '2022-03-09 16:27:03'),
(374, '2021', '09', 2, 'SOL210212', 0, 5, 92, 1639, 1692, 4507250, NULL),
(375, '2021', '09', 2, 'SOL210213', 0, 8, 1, 25, 26, 68750, NULL),
(376, '2021', '09', 2, 'SOL210214', 0, 9, 1, 88, 103, 242000, NULL),
(377, '2021', '09', 2, 'SOL210215', 0, 10, 88, 1386, 1489, 3811500, '2022-03-09 17:04:38'),
(378, '2021', '09', 2, 'SOL210216', 0, 12, 7, 118, 130, 324500, NULL),
(379, '2021', '09', 2, 'SOL210217', 0, 13, 2, 286, 313, 786500, NULL),
(380, '2021', '09', 2, 'SOL210218', 0, 16, 3, 157, 173, 431750, NULL),
(381, '2021', '09', 2, 'SOL210219', 0, 18, 1, 60, 60, 165000, NULL),
(382, '2021', '09', 2, 'SOL210220', 0, 19, 1, 498, 506, 1369500, NULL),
(383, '2021', '09', 2, 'SOL210221', 0, 20, 12, 137, 141, 376750, NULL),
(384, '2021', '09', 2, 'SOL210222', 0, 23, 10, 106, 114, 291500, NULL),
(385, '2021', '09', 2, 'SOL210223', 0, 24, 1, 58, 62, 159500, NULL),
(386, '2021', '09', 2, 'SOL210224', 0, 27, 1, 25, 30, 68750, NULL),
(387, '2021', '09', 2, 'SOL210225', 0, 28, 6, 661, 721, 1817750, NULL),
(388, '2021', '09', 2, 'SOL210226', 0, 29, 12, 205, 238, 563750, NULL),
(389, '2021', '09', 2, 'SOL210227', 0, 31, 1, 42, 46, 115500, NULL),
(390, '2021', '09', 2, 'SOL210228', 0, 33, 1, 19, 19, 52250, NULL),
(391, '2021', '09', 2, 'SOL210229', 0, 40, 1, 11, 15, 30250, NULL),
(392, '2021', '09', 2, 'SOL210230', 0, 46, 2, 467, 546, 1284250, NULL),
(393, '2021', '09', 2, 'SOL210231', 0, 48, 1, 105, 114, 288750, NULL),
(394, '2021', '09', 2, 'SOL210232', 0, 49, 2, 53, 56, 145750, NULL),
(395, '2021', '09', 2, 'SOL210233', 0, 61, 2, 93, 95, 255750, NULL),
(396, '2021', '09', 2, 'SOL210234', 0, 63, 16, 240, 253, 660000, NULL),
(397, '2021', '09', 2, 'SOL210235', 0, 64, 1, 23, 32, 63250, NULL),
(398, '2021', '09', 2, 'SOL210236', 0, 67, 1, 143, 172, 393250, NULL),
(399, '2021', '09', 2, 'SOL210237', 0, 69, 36, 331, 344, 910250, NULL),
(400, '2021', '09', 2, 'SOL210238', 0, 72, 2, 4, 4, 11000, NULL),
(401, '2021', '09', 2, 'SOL210239', 0, 77, 1, 103, 122, 283250, NULL),
(402, '2021', '09', 2, 'SOL210240', 0, 78, 5, 1011, 1151, 2780250, NULL),
(403, '2021', '09', 2, 'SOL210241', 0, 80, 1, 160, 163, 440000, NULL),
(404, '2021', '09', 2, 'SOL210242', 0, 83, 3, 57, 69, 156750, NULL),
(405, '2021', '09', 2, 'SOL210243', 0, 91, 46, 1238, 1337, 3404500, NULL),
(406, '2021', '09', 2, 'SOL210244', 0, 93, 3, 62, 66, 170500, NULL),
(407, '2021', '09', 2, 'SOL210245', 0, 94, 1, 267, 285, 734250, NULL),
(408, '2021', '09', 2, 'SOL210246', 0, 95, 21, 177, 182, 486750, NULL),
(409, '2021', '09', 2, 'SOL210247', 0, 96, 88, 546, 577, 1501500, NULL),
(410, '2021', '09', 2, 'SOL210248', 0, 100, 1, 195, 228, 536250, NULL),
(411, '2021', '09', 2, 'SOL210249', 0, 103, 1, 23, 26, 63250, NULL),
(412, '2021', '09', 1, 'SOLCC2164', 56, 0, 1, 445, 1, 1223750, NULL),
(413, '2021', '09', 1, 'SOLCC2165', 176, 0, 1, 99, 3, 272250, NULL),
(414, '2021', '09', 1, 'SOLCC2166', 275, 0, 1, 1, 1, 2750, NULL),
(415, '2021', '09', 1, 'SOLCC2167', 541, 0, 1, 67, 1, 184250, NULL),
(416, '2021', '09', 1, 'SOLCC2168', 0, 5, 6, 75, 78, 206250, NULL),
(417, '2021', '09', 1, 'SOLCC2169', 0, 10, 26, 1167, 1258, 3209250, '2022-03-09 17:04:38'),
(418, '2021', '09', 1, 'SOLCC2170', 0, 17, 1, 101, 108, 277750, NULL),
(419, '2021', '09', 1, 'SOLCC2171', 0, 23, 11, 474, 496, 1303500, NULL),
(420, '2021', '09', 1, 'SOLCC2172', 0, 25, 1, 147, 190, 404250, NULL),
(421, '2021', '09', 1, 'SOLCC2173', 0, 28, 1, 1, 1, 2750, NULL),
(422, '2021', '09', 1, 'SOLCC2174', 0, 29, 8, 201, 216, 552750, NULL),
(423, '2021', '09', 1, 'SOLCC2175', 0, 31, 1, 75, 88, 206250, NULL),
(424, '2021', '09', 1, 'SOLCC2176', 0, 35, 2, 51, 51, 140250, NULL),
(425, '2021', '09', 1, 'SOLCC2177', 0, 37, 1, 453, 459, 1245750, NULL),
(426, '2021', '09', 1, 'SOLCC2178', 0, 44, 1, 41, 46, 112750, NULL),
(427, '2021', '09', 1, 'SOLCC2179', 0, 59, 1, 34, 36, 93500, NULL),
(428, '2021', '09', 1, 'SOLCC2180', 0, 61, 1, 30, 30, 82500, NULL),
(429, '2021', '09', 1, 'SOLCC2181', 0, 62, 1, 60, 61, 165000, NULL),
(430, '2021', '09', 1, 'SOLCC2182', 0, 63, 4, 145, 169, 398750, NULL),
(431, '2021', '09', 1, 'SOLCC2183', 0, 65, 2, 377, 435, 1036750, NULL),
(432, '2021', '09', 1, 'SOLCC2184', 0, 69, 3, 227, 241, 624250, NULL),
(433, '2021', '09', 1, 'SOLCC2185', 0, 72, 3, 253, 258, 695750, NULL),
(434, '2021', '09', 1, 'SOLCC2186', 0, 76, 2, 627, 735, 1724250, NULL),
(435, '2021', '09', 1, 'SOLCC2187', 0, 83, 3, 163, 195, 448250, NULL),
(436, '2021', '09', 1, 'SOLCC2188', 0, 88, 3, 141, 164, 387750, NULL),
(437, '2021', '09', 1, 'SOLCC2189', 0, 91, 1, 1, 1, 2750, NULL),
(438, '2021', '09', 1, 'SOLCC2190', 0, 95, 1, 4, 4, 11000, NULL),
(439, '2021', '09', 1, 'SOLCC2191', 0, 96, 1, 4, 4, 11000, NULL),
(440, '2021', '09', 1, 'SOLCC2192', 0, 101, 2, 51, 52, 140250, NULL),
(441, '2021', '07', 1, 'SOLCC2194', 56, 0, 1, 334, 1, 918500, NULL),
(442, '2021', '07', 1, 'SOLCC2195', 176, 0, 1, 133, 3, 365750, NULL),
(443, '2021', '07', 1, 'SOLCC2196', 541, 0, 1, 168, 3, 462000, NULL),
(444, '2021', '07', 1, 'SOLCC2197', 0, 5, 6, 185, 190, 508750, NULL),
(445, '2021', '07', 1, 'SOLCC2198', 0, 10, 20, 725, 740, 1993750, '2022-01-10 09:51:20'),
(446, '2021', '07', 1, 'SOLCC2199', 0, 17, 1, 128, 141, 352000, NULL),
(447, '2021', '07', 1, 'SOLCC2101', 0, 23, 7, 591, 629, 1625250, NULL),
(448, '2021', '07', 1, 'SOLCC2102', 0, 25, 1, 134, 153, 368500, NULL),
(449, '2021', '07', 1, 'SOLCC2103', 0, 28, 3, 29, 36, 79750, NULL),
(450, '2021', '07', 1, 'SOLCC2104', 0, 29, 4, 111, 115, 305250, NULL),
(451, '2021', '07', 1, 'SOLCC2105', 0, 31, 1, 74, 87, 203500, NULL),
(452, '2021', '07', 1, 'SOLCC2106', 0, 35, 1, 13, 14, 35750, NULL),
(453, '2021', '07', 1, 'SOLCC2107', 0, 37, 1, 213, 214, 585750, NULL),
(454, '2021', '07', 1, 'SOLCC2108', 0, 44, 1, 2, 2, 5500, NULL),
(455, '2021', '07', 1, 'SOLCC2109', 0, 54, 1, 9, 9, 24750, NULL),
(456, '2021', '07', 1, 'SOLCC2110', 0, 59, 1, 31, 32, 85250, NULL),
(457, '2021', '07', 1, 'SOLCC2111', 0, 61, 2, 44, 44, 121000, NULL),
(458, '2021', '07', 1, 'SOLCC2112', 0, 62, 1, 11, 12, 30250, NULL),
(459, '2021', '07', 1, 'SOLCC2113', 0, 63, 7, 219, 248, 602250, NULL),
(460, '2021', '07', 1, 'SOLCC2114', 0, 65, 2, 357, 397, 981750, NULL),
(461, '2021', '07', 1, 'SOLCC2115', 0, 69, 2, 168, 175, 462000, NULL),
(462, '2021', '07', 1, 'SOLCC2116', 0, 72, 2, 134, 137, 368500, NULL),
(463, '2021', '07', 1, 'SOLCC2117', 0, 76, 2, 684, 811, 1881000, NULL),
(464, '2021', '07', 1, 'SOLCC2118', 0, 83, 2, 341, 443, 937750, NULL),
(465, '2021', '07', 1, 'SOLCC2119', 0, 88, 2, 20, 23, 55000, NULL),
(466, '2021', '07', 1, 'SOLCC2120', 0, 95, 1, 3, 3, 8250, NULL),
(467, '2021', '07', 1, 'SOLCC2121', 0, 96, 2, 12, 19, 33000, NULL),
(468, '2021', '07', 1, 'SOLCC2122', 0, 101, 1, 1, 1, 2750, NULL),
(469, '2021', '07', 2, 'SOL210250', 275, 0, 1, 303, 6, 833250, NULL),
(470, '2021', '07', 2, 'SOL210253', 0, 2, 1, 153, 181, 420750, '2022-01-10 09:51:20'),
(471, '2021', '07', 2, 'SOL210254', 0, 5, 105, 1773, 1862, 4875750, NULL),
(472, '2021', '07', 2, 'SOL210255', 0, 8, 1, 29, 33, 79750, NULL),
(473, '2021', '07', 2, 'SOL210256', 0, 9, 1, 105, 122, 288750, NULL),
(474, '2021', '07', 2, 'SOL210257', 0, 10, 73, 1835, 1953, 5046250, '2022-01-10 09:51:20'),
(475, '2021', '07', 2, 'SOL210258', 0, 12, 6, 112, 132, 308000, NULL),
(476, '2021', '07', 2, 'SOL210259', 0, 13, 2, 300, 331, 825000, NULL),
(477, '2021', '07', 2, 'SOL210260', 0, 16, 3, 288, 319, 792000, NULL),
(478, '2021', '07', 2, 'SOL210261', 0, 18, 3, 50, 51, 137500, NULL),
(479, '2021', '07', 2, 'SOL210262', 0, 19, 1, 373, 416, 1025750, NULL),
(480, '2021', '07', 2, 'SOL210263', 0, 20, 24, 689, 713, 1894750, NULL),
(481, '2021', '07', 2, 'SOL210264', 0, 23, 14, 249, 282, 684750, NULL),
(482, '2021', '07', 2, 'SOL210265', 0, 24, 1, 53, 62, 145750, NULL),
(483, '2021', '07', 2, 'SOL210266', 0, 27, 1, 23, 24, 63250, NULL),
(484, '2021', '07', 2, 'SOL210267', 0, 28, 17, 1227, 1402, 3374250, NULL),
(485, '2021', '07', 2, 'SOL210268', 0, 29, 21, 260, 287, 715000, NULL),
(486, '2021', '07', 2, 'SOL210269', 0, 31, 1, 23, 31, 63250, NULL),
(487, '2021', '07', 2, 'SOL210270', 0, 33, 2, 41, 41, 112750, NULL),
(488, '2021', '07', 2, 'SOL210271', 0, 46, 1, 342, 370, 940500, NULL),
(489, '2021', '07', 2, 'SOL210272', 0, 49, 1, 8, 10, 22000, NULL),
(490, '2021', '07', 2, 'SOL210273', 0, 61, 6, 174, 185, 478500, NULL),
(491, '2021', '07', 2, 'SOL210274', 0, 63, 22, 227, 237, 624250, NULL),
(492, '2021', '07', 2, 'SOL210275', 0, 64, 1, 15, 17, 41250, NULL),
(493, '2021', '07', 2, 'SOL210276', 0, 67, 1, 127, 145, 349250, NULL),
(494, '2021', '07', 2, 'SOL210277', 0, 69, 34, 477, 513, 1311750, NULL),
(495, '2021', '07', 2, 'SOL210278', 0, 72, 2, 7, 7, 19250, NULL),
(496, '2021', '07', 2, 'SOL210279', 0, 77, 1, 92, 98, 253000, NULL),
(497, '2021', '07', 2, 'SOL210280', 0, 78, 5, 944, 1081, 2596000, NULL),
(498, '2021', '07', 2, 'SOL210281', 0, 80, 1, 215, 231, 591250, NULL),
(499, '2021', '07', 2, 'SOL210282', 0, 83, 5, 78, 93, 214500, NULL),
(500, '2021', '07', 2, 'SOL210283', 0, 91, 33, 506, 549, 1391500, NULL),
(501, '2021', '07', 2, 'SOL210284', 0, 92, 1, 1, 1, 2750, NULL),
(502, '2021', '07', 2, 'SOL210285', 0, 93, 3, 41, 41, 112750, NULL),
(503, '2021', '07', 2, 'SOL210286', 0, 94, 1, 292, 319, 803000, NULL),
(504, '2021', '07', 2, 'SOL210287', 0, 95, 18, 208, 262, 572000, NULL),
(505, '2021', '07', 2, 'SOL210288', 0, 96, 79, 772, 872, 2123000, NULL),
(506, '2021', '07', 2, 'SOL210289', 0, 100, 1, 183, 226, 503250, NULL),
(507, '2021', '07', 2, 'SOL210290', 0, 103, 1, 28, 33, 77000, NULL),
(508, '2021', '07', 2, 'SOL210291', 0, 109, 1, 10, 10, 27500, NULL),
(509, '2021', '05', 1, 'SOLCC2124', 56, 0, 1, 160, 1, 440000, NULL),
(510, '2021', '05', 1, 'SOLCC2125', 176, 0, 1, 203, 5, 558250, NULL),
(511, '2021', '05', 1, 'SOLCC2126', 275, 0, 1, 1, 1, 2750, NULL),
(512, '2021', '05', 1, 'SOLCC2127', 541, 0, 1, 244, 2, 671000, NULL),
(513, '2021', '05', 1, 'SOLCC2128', 0, 5, 3, 136, 140, 374000, NULL),
(514, '2021', '05', 1, 'SOLCC2129', 0, 10, 24, 657, 684, 1806750, '2021-11-10 11:44:46'),
(515, '2021', '05', 1, 'SOLCC2130', 0, 17, 1, 89, 96, 244750, NULL),
(516, '2021', '05', 1, 'SOLCC2131', 0, 19, 1, 1, 1, 2750, NULL),
(517, '2021', '05', 1, 'SOLCC2132', 0, 23, 15, 821, 905, 2257750, NULL),
(518, '2021', '05', 1, 'SOLCC2133', 0, 25, 1, 129, 153, 354750, NULL),
(519, '2021', '05', 1, 'SOLCC2134', 0, 28, 1, 44, 45, 121000, NULL),
(520, '2021', '05', 1, 'SOLCC2135', 0, 29, 8, 143, 153, 393250, NULL),
(521, '2021', '05', 1, 'SOLCC2136', 0, 31, 1, 63, 93, 173250, NULL),
(522, '2021', '05', 1, 'SOLCC2137', 0, 35, 1, 1, 1, 2750, NULL),
(523, '2021', '05', 1, 'SOLCC2138', 0, 37, 1, 94, 97, 258500, NULL),
(524, '2021', '05', 1, 'SOLCC2139', 0, 45, 1, 24, 24, 66000, NULL),
(525, '2021', '05', 1, 'SOLCC2140', 0, 48, 1, 1, 1, 2750, NULL),
(526, '2021', '05', 1, 'SOLCC2141', 0, 54, 1, 16, 16, 44000, NULL),
(527, '2021', '05', 1, 'SOLCC2142', 0, 61, 1, 18, 18, 49500, NULL),
(528, '2021', '05', 1, 'SOLCC2143', 0, 62, 1, 51, 55, 140250, NULL),
(529, '2021', '05', 1, 'SOLCC2144', 0, 63, 4, 85, 98, 233750, NULL),
(530, '2021', '05', 1, 'SOLCC2145', 0, 65, 2, 234, 261, 643500, NULL),
(531, '2021', '05', 1, 'SOLCC2146', 0, 69, 2, 100, 102, 275000, NULL),
(532, '2021', '05', 1, 'SOLCC2147', 0, 72, 2, 118, 120, 324500, NULL),
(533, '2021', '05', 1, 'SOLCC2148', 0, 76, 2, 418, 505, 1149500, NULL),
(534, '2021', '05', 1, 'SOLCC2149', 0, 83, 3, 116, 152, 319000, NULL),
(535, '2021', '05', 1, 'SOLCC2150', 0, 88, 1, 10, 11, 27500, NULL),
(536, '2021', '05', 1, 'SOLCC2151', 0, 91, 1, 2, 2, 5500, NULL),
(537, '2021', '05', 1, 'SOLCC2152', 0, 95, 1, 1, 1, 2750, NULL),
(538, '2021', '05', 1, 'SOLCC2153', 0, 96, 4, 34, 35, 93500, NULL),
(539, '2021', '05', 1, 'SOLCC2154', 0, 101, 2, 64, 103, 176000, NULL),
(540, '2021', '05', 2, 'SOL210292', 176, 0, 1, 1, 1, 2750, NULL),
(541, '2021', '05', 2, 'SOL210293', 275, 0, 1, 281, 5, 772750, NULL),
(542, '2021', '05', 2, 'SOL210294', 0, 2, 1, 155, 189, 426250, '2021-11-10 11:44:46'),
(543, '2021', '05', 2, 'SOL210295', 0, 5, 102, 1470, 1563, 4042500, NULL),
(544, '2021', '05', 2, 'SOL210296', 0, 8, 1, 41, 47, 112750, NULL),
(545, '2021', '05', 2, 'SOL210297', 0, 9, 1, 174, 202, 478500, NULL),
(546, '2021', '05', 2, 'SOL210298', 0, 10, 95, 1760, 1844, 4840000, '2021-11-10 11:44:46'),
(547, '2021', '05', 2, 'SOL210299', 0, 12, 7, 139, 166, 382250, NULL),
(548, '2021', '05', 2, 'SOL210300', 0, 13, 2, 171, 188, 470250, NULL),
(549, '2021', '05', 2, 'SOL210301', 0, 14, 1, 7, 7, 19250, NULL),
(550, '2021', '05', 2, 'SOL210302', 0, 18, 1, 7, 12, 19250, NULL),
(551, '2021', '05', 2, 'SOL210303', 0, 19, 1, 708, 729, 1947000, NULL),
(552, '2021', '05', 2, 'SOL210304', 0, 20, 22, 988, 1005, 2717000, NULL),
(553, '2021', '05', 2, 'SOL210305', 0, 23, 18, 338, 398, 929500, NULL),
(554, '2021', '05', 2, 'SOL210306', 0, 24, 1, 73, 80, 200750, NULL),
(555, '2021', '05', 2, 'SOL210307', 0, 26, 1, 20, 22, 55000, NULL),
(556, '2021', '05', 2, 'SOL210308', 0, 27, 1, 35, 38, 96250, NULL),
(557, '2021', '05', 2, 'SOL210309', 0, 28, 14, 1332, 1576, 3663000, NULL),
(558, '2021', '05', 2, 'SOL210310', 0, 29, 20, 267, 291, 734250, NULL),
(559, '2021', '05', 2, 'SOL210311', 0, 31, 1, 32, 38, 88000, NULL),
(560, '2021', '05', 2, 'SOL210312', 0, 33, 1, 1, 2, 2750, NULL),
(561, '2021', '05', 2, 'SOL210313', 0, 35, 1, 79, 85, 217250, NULL),
(562, '2021', '05', 2, 'SOL210314', 0, 40, 2, 11, 12, 30250, NULL),
(563, '2021', '05', 2, 'SOL210315', 0, 46, 1, 379, 393, 1042250, NULL),
(564, '2021', '05', 2, 'SOL210316', 0, 48, 5, 272, 292, 748000, NULL),
(565, '2021', '05', 2, 'SOL210317', 0, 49, 1, 118, 129, 324500, NULL),
(566, '2021', '05', 2, 'SOL210318', 0, 59, 2, 160, 165, 440000, NULL),
(567, '2021', '05', 2, 'SOL210319', 0, 61, 4, 142, 145, 390500, NULL),
(568, '2021', '05', 2, 'SOL210320', 0, 63, 22, 256, 262, 704000, NULL),
(569, '2021', '05', 2, 'SOL210321', 0, 64, 1, 14, 20, 38500, NULL),
(570, '2021', '05', 2, 'SOL210322', 0, 67, 1, 99, 112, 272250, NULL),
(571, '2021', '05', 2, 'SOL210323', 0, 69, 34, 344, 360, 946000, NULL),
(572, '2021', '05', 2, 'SOL210324', 0, 72, 1, 3, 3, 8250, NULL),
(573, '2021', '05', 2, 'SOL210325', 0, 73, 1, 9, 9, 24750, NULL),
(574, '2021', '05', 2, 'SOL210326', 0, 77, 1, 49, 50, 134750, NULL),
(575, '2021', '05', 2, 'SOL210327', 0, 78, 5, 895, 1062, 2461250, NULL),
(576, '2021', '05', 2, 'SOL210328', 0, 80, 1, 190, 193, 522500, NULL),
(577, '2021', '05', 2, 'SOL210329', 0, 83, 4, 68, 85, 187000, NULL),
(578, '2021', '05', 2, 'SOL210330', 0, 91, 48, 1012, 1098, 2783000, NULL),
(579, '2021', '05', 2, 'SOL210331', 0, 92, 1, 138, 163, 379500, NULL),
(580, '2021', '05', 2, 'SOL210332', 0, 93, 3, 39, 44, 107250, NULL),
(581, '2021', '05', 2, 'SOL210333', 0, 94, 1, 241, 281, 662750, NULL),
(582, '2021', '05', 2, 'SOL210334', 0, 95, 36, 281, 340, 772750, NULL),
(583, '2021', '05', 2, 'SOL210335', 0, 96, 64, 744, 800, 2046000, NULL),
(584, '2021', '05', 2, 'SOL210336', 0, 100, 1, 96, 110, 264000, NULL),
(585, '2021', '05', 2, 'SOL210337', 0, 103, 1, 29, 32, 79750, NULL),
(586, '2021', '05', 2, 'SOL210338', 0, 109, 2, 28, 29, 77000, NULL),
(587, '2021', '04', 1, 'SOLCC2155', 56, 0, 1, 369, 1, 1014750, NULL),
(588, '2021', '04', 1, 'SOLCC2156', 176, 0, 1, 306, 5, 841500, NULL),
(589, '2021', '04', 1, 'SOLCC2157', 275, 0, 1, 4, 3, 11000, NULL),
(590, '2021', '04', 1, 'SOLCC2158', 541, 0, 1, 120, 4, 330000, NULL),
(591, '2021', '04', 1, 'SOLCC2159', 0, 5, 8, 384, 397, 1056000, NULL),
(592, '2021', '04', 1, 'SOLCC2160', 0, 10, 25, 2227, 3383, 6124250, '2021-10-10 12:25:02'),
(593, '2021', '04', 1, 'SOLCC2161', 0, 17, 1, 85, 87, 233750, NULL),
(594, '2021', '04', 1, 'SOLCC2162', 0, 23, 9, 614, 1030, 1688500, NULL),
(595, '2021', '04', 1, 'SOLCC2163', 0, 25, 1, 143, 201, 393250, NULL),
(596, '2021', '04', 1, 'SOLCC2164', 0, 29, 8, 146, 232, 401500, NULL),
(597, '2021', '04', 1, 'SOLCC2165', 0, 31, 1, 72, 80, 198000, NULL),
(598, '2021', '04', 1, 'SOLCC2166', 0, 35, 3, 102, 142, 280500, NULL),
(599, '2021', '04', 1, 'SOLCC2167', 0, 37, 1, 1, 1, 2750, NULL),
(600, '2021', '04', 1, 'SOLCC2168', 0, 45, 1, 30, 32, 82500, NULL),
(601, '2021', '04', 1, 'SOLCC2169', 0, 48, 2, 66, 81, 181500, NULL),
(602, '2021', '04', 1, 'SOLCC2170', 0, 54, 1, 6, 6, 16500, NULL),
(603, '2021', '04', 1, 'SOLCC2171', 0, 59, 1, 6, 7, 16500, NULL),
(604, '2021', '04', 1, 'SOLCC2172', 0, 61, 1, 15, 15, 41250, NULL),
(605, '2021', '04', 1, 'SOLCC2173', 0, 62, 2, 45, 49, 123750, NULL),
(606, '2021', '04', 1, 'SOLCC2174', 0, 63, 6, 98, 127, 269500, NULL),
(607, '2021', '04', 1, 'SOLCC2175', 0, 65, 3, 411, 893, 1130250, NULL),
(608, '2021', '04', 1, 'SOLCC2176', 0, 69, 4, 228, 232, 627000, NULL),
(609, '2021', '04', 1, 'SOLCC2177', 0, 72, 2, 241, 628, 662750, NULL),
(610, '2021', '04', 1, 'SOLCC2178', 0, 76, 2, 596, 841, 1639000, NULL),
(611, '2021', '04', 1, 'SOLCC2179', 0, 83, 3, 673, 799, 1850750, NULL),
(612, '2021', '04', 1, 'SOLCC2180', 0, 88, 1, 81, 82, 222750, NULL),
(613, '2021', '04', 1, 'SOLCC2181', 0, 91, 2, 2, 2, 5500, NULL),
(614, '2021', '04', 1, 'SOLCC2182', 0, 95, 3, 32, 33, 88000, NULL),
(615, '2021', '04', 1, 'SOLCC2183', 0, 96, 5, 48, 59, 132000, NULL),
(616, '2021', '04', 1, 'SOLCC2184', 0, 101, 4, 99, 102, 272250, NULL),
(617, '2021', '03', 1, 'SOLCC2185', 56, 0, 1, 559, 1, 1537250, NULL),
(618, '2021', '03', 1, 'SOLCC2186', 176, 0, 1, 265, 6, 728750, NULL),
(619, '2021', '03', 1, 'SOLCC2187', 275, 0, 1, 3, 2, 8250, NULL),
(620, '2021', '03', 1, 'SOLCC2188', 541, 0, 1, 239, 1, 657250, NULL),
(621, '2021', '03', 1, 'SOLCC2189', 0, 5, 8, 358, 372, 984500, NULL),
(622, '2021', '03', 1, 'SOLCC2190', 0, 7, 1, 1, 1, 2750, NULL),
(623, '2021', '03', 1, 'SOLCC2191', 0, 10, 35, 2336, 2475, 6424000, '2021-09-10 14:06:21'),
(624, '2021', '03', 1, 'SOLCC2192', 0, 17, 1, 89, 93, 244750, NULL),
(625, '2021', '03', 1, 'SOLCC2193', 0, 23, 10, 1050, 1107, 2887500, NULL),
(626, '2021', '03', 1, 'SOLCC2194', 0, 25, 1, 148, 162, 407000, NULL),
(627, '2021', '03', 1, 'SOLCC2195', 0, 28, 4, 73, 77, 200750, NULL),
(628, '2021', '03', 1, 'SOLCC2196', 0, 29, 15, 354, 376, 973500, NULL),
(629, '2021', '03', 1, 'SOLCC2197', 0, 31, 1, 78, 87, 214500, NULL),
(630, '2021', '03', 1, 'SOLCC2198', 0, 35, 3, 117, 128, 321750, NULL),
(631, '2021', '03', 1, 'SOLCC2199', 0, 37, 1, 35, 35, 96250, NULL),
(632, '2021', '03', 1, 'SOLCC2101', 0, 38, 1, 32, 32, 88000, NULL),
(633, '2021', '03', 1, 'SOLCC2102', 0, 45, 1, 86, 95, 236500, NULL),
(634, '2021', '03', 1, 'SOLCC2103', 0, 48, 3, 143, 150, 393250, NULL),
(635, '2021', '03', 1, 'SOLCC2104', 0, 54, 1, 28, 29, 77000, NULL),
(636, '2021', '03', 1, 'SOLCC2105', 0, 61, 2, 10, 10, 27500, NULL),
(637, '2021', '03', 1, 'SOLCC2106', 0, 62, 1, 4, 5, 11000, NULL),
(638, '2021', '03', 1, 'SOLCC2107', 0, 63, 4, 65, 96, 178750, NULL),
(639, '2021', '03', 1, 'SOLCC2108', 0, 65, 3, 366, 397, 1006500, NULL),
(640, '2021', '03', 1, 'SOLCC2109', 0, 69, 4, 188, 190, 517000, NULL),
(641, '2021', '03', 1, 'SOLCC2110', 0, 72, 2, 218, 256, 599500, NULL),
(642, '2021', '03', 1, 'SOLCC2111', 0, 76, 2, 763, 874, 2098250, NULL),
(643, '2021', '03', 1, 'SOLCC2112', 0, 83, 4, 627, 744, 1724250, NULL),
(644, '2021', '03', 1, 'SOLCC2113', 0, 88, 2, 123, 142, 338250, NULL),
(645, '2021', '03', 1, 'SOLCC2114', 0, 96, 2, 30, 33, 82500, NULL),
(646, '2021', '03', 1, 'SOLCC2115', 0, 101, 2, 91, 92, 250250, NULL),
(647, '2021', '03', 1, 'SOLCC2116', 0, 109, 1, 1, 1, 2750, NULL),
(648, '2021', '01', 1, 'SOLCC2118', 56, 0, 1, 641, 1, 1762750, NULL),
(649, '2021', '01', 1, 'SOLCC2119', 176, 0, 1, 543, 10, 1493250, NULL),
(650, '2021', '01', 1, 'SOLCC2120', 275, 0, 1, 7, 2, 19250, NULL),
(651, '2021', '01', 1, 'SOLCC2121', 541, 0, 1, 122, 1, 335500, NULL),
(652, '2021', '01', 1, 'SOLCC2122', 0, 5, 12, 408, 424, 1122000, NULL),
(653, '2021', '01', 1, 'SOLCC2123', 0, 10, 37, 4116, 4296, 11319000, '2021-07-10 15:30:23'),
(654, '2021', '01', 1, 'SOLCC2124', 0, 17, 1, 78, 80, 214500, NULL),
(655, '2021', '01', 1, 'SOLCC2125', 0, 19, 1, 1, 1, 2750, NULL),
(656, '2021', '01', 1, 'SOLCC2126', 0, 20, 1, 8, 9, 22000, NULL),
(657, '2021', '01', 1, 'SOLCC2127', 0, 23, 14, 987, 1047, 2714250, NULL),
(658, '2021', '01', 1, 'SOLCC2128', 0, 25, 1, 143, 163, 393250, NULL),
(659, '2021', '01', 1, 'SOLCC2129', 0, 28, 3, 33, 34, 90750, NULL),
(660, '2021', '01', 1, 'SOLCC2130', 0, 29, 13, 1092, 1183, 3003000, NULL),
(661, '2021', '01', 1, 'SOLCC2131', 0, 31, 1, 63, 67, 173250, NULL),
(662, '2021', '01', 1, 'SOLCC2132', 0, 35, 3, 65, 73, 178750, NULL),
(663, '2021', '01', 1, 'SOLCC2133', 0, 37, 1, 18, 18, 49500, NULL),
(664, '2021', '01', 1, 'SOLCC2134', 0, 45, 1, 4, 5, 11000, NULL),
(665, '2021', '01', 1, 'SOLCC2135', 0, 48, 4, 329, 363, 904750, NULL),
(666, '2021', '01', 1, 'SOLCC2136', 0, 59, 6, 240, 254, 660000, NULL),
(667, '2021', '01', 1, 'SOLCC2137', 0, 62, 2, 24, 25, 66000, NULL),
(668, '2021', '01', 1, 'SOLCC2138', 0, 63, 5, 74, 84, 203500, NULL),
(669, '2021', '01', 1, 'SOLCC2139', 0, 65, 2, 296, 338, 814000, NULL),
(670, '2021', '01', 1, 'SOLCC2140', 0, 69, 4, 210, 220, 577500, NULL),
(671, '2021', '01', 1, 'SOLCC2141', 0, 72, 2, 180, 183, 495000, NULL),
(672, '2021', '01', 1, 'SOLCC2142', 0, 76, 2, 750, 862, 2062500, NULL),
(673, '2021', '01', 1, 'SOLCC2143', 0, 88, 1, 39, 39, 107250, NULL),
(674, '2021', '01', 1, 'SOLCC2144', 0, 95, 2, 59, 61, 162250, NULL),
(675, '2021', '01', 1, 'SOLCC2145', 0, 96, 1, 40, 41, 110000, NULL),
(676, '2021', '01', 1, 'SOLCC2146', 0, 101, 2, 106, 109, 291500, NULL),
(677, '2021', '01', 1, 'SOLCC2147', 0, 109, 2, 58, 60, 159500, NULL),
(678, '2021', '01', 2, 'SOL210339', 176, 0, 1, 4, 1, 11000, NULL),
(679, '2021', '01', 2, 'SOL210340', 275, 0, 1, 319, 6, 877250, NULL),
(680, '2021', '01', 2, 'SOL210341', 0, 5, 95, 1356, 1430, 3729000, NULL),
(681, '2021', '01', 2, 'SOL210342', 0, 6, 1, 122, 135, 335500, NULL),
(682, '2021', '01', 2, 'SOL210343', 0, 8, 1, 44, 45, 121000, NULL),
(683, '2021', '01', 2, 'SOL210344', 0, 9, 1, 154, 169, 423500, NULL),
(684, '2021', '01', 2, 'SOL210345', 0, 10, 73, 1155, 1195, 3176250, '2021-07-10 15:30:23'),
(685, '2021', '01', 2, 'SOL210346', 0, 12, 4, 34, 41, 93500, NULL),
(686, '2021', '01', 2, 'SOL210347', 0, 13, 2, 285, 303, 783750, NULL),
(687, '2021', '01', 2, 'SOL210348', 0, 18, 2, 26, 28, 71500, NULL),
(688, '2021', '01', 2, 'SOL210349', 0, 19, 1, 383, 396, 1053250, NULL),
(689, '2021', '01', 2, 'SOL210350', 0, 20, 8, 31, 40, 85250, NULL),
(690, '2021', '01', 2, 'SOL210351', 0, 23, 15, 111, 120, 305250, NULL),
(691, '2021', '01', 2, 'SOL210352', 0, 24, 1, 110, 124, 302500, NULL),
(692, '2021', '01', 2, 'SOL210353', 0, 27, 1, 25, 29, 68750, NULL),
(693, '2021', '01', 2, 'SOL210354', 0, 28, 5, 416, 464, 1144000, NULL),
(694, '2021', '01', 2, 'SOL210355', 0, 29, 21, 163, 193, 448250, NULL),
(695, '2021', '01', 2, 'SOL210356', 0, 31, 1, 49, 66, 134750, NULL),
(696, '2021', '01', 2, 'SOL210357', 0, 33, 1, 32, 32, 88000, NULL),
(697, '2021', '01', 2, 'SOL210358', 0, 40, 4, 64, 71, 176000, NULL),
(698, '2021', '01', 2, 'SOL210359', 0, 48, 5, 86, 102, 236500, NULL),
(699, '2021', '01', 2, 'SOL210360', 0, 59, 1, 1, 1, 2750, NULL),
(700, '2021', '01', 2, 'SOL210361', 0, 63, 13, 60, 65, 165000, NULL),
(701, '2021', '01', 2, 'SOL210362', 0, 64, 1, 11, 12, 30250, NULL),
(702, '2021', '01', 2, 'SOL210363', 0, 67, 1, 140, 147, 385000, NULL),
(703, '2021', '01', 2, 'SOL210364', 0, 69, 32, 254, 275, 698500, NULL),
(704, '2021', '01', 2, 'SOL210365', 0, 77, 1, 100, 109, 275000, NULL),
(705, '2021', '01', 2, 'SOL210366', 0, 78, 5, 917, 1047, 2521750, NULL),
(706, '2021', '01', 2, 'SOL210367', 0, 80, 1, 212, 226, 583000, NULL),
(707, '2021', '01', 2, 'SOL210368', 0, 91, 37, 700, 764, 1925000, NULL),
(708, '2021', '01', 2, 'SOL210369', 0, 93, 3, 70, 71, 192500, NULL),
(709, '2021', '01', 2, 'SOL210370', 0, 94, 1, 251, 281, 690250, NULL),
(710, '2021', '01', 2, 'SOL210371', 0, 95, 19, 159, 251, 437250, NULL),
(711, '2021', '01', 2, 'SOL210372', 0, 96, 37, 191, 206, 525250, NULL),
(712, '2021', '01', 2, 'SOL210373', 0, 100, 1, 156, 167, 429000, NULL),
(713, '2021', '01', 2, 'SOL210374', 0, 103, 1, 26, 31, 71500, NULL),
(954, '2022', '01', 1, 'SOLCC2211', 0, 87, 3, 37, 38, 101750, NULL),
(955, '2022', '01', 1, 'SOLCC2212', 0, 88, 2, 79, 80, 217250, NULL),
(956, '2022', '01', 1, 'SOLCC2213', 0, 91, 4, 25, 31, 68750, NULL),
(957, '2022', '01', 1, 'SOLCC2214', 0, 96, 2, 40, 42, 110000, NULL),
(958, '2022', '01', 1, 'SOLCC2215', 0, 98, 4, 236, 256, 649000, NULL),
(959, '2022', '01', 1, 'SOLCC2216', 0, 101, 4, 47, 58, 129250, NULL),
(960, '2022', '01', 1, 'SOLCC2217', 0, 109, 6, 291, 320, 800250, NULL);

-- --------------------------------------------------------

--
-- Structure de la table `parametre`
--

DROP TABLE IF EXISTS `parametre`;
CREATE TABLE IF NOT EXISTS `parametre` (
  `IDENTIFIANT` int(10) NOT NULL AUTO_INCREMENT,
  `TYPE` varchar(50) NOT NULL,
  `NOM` varchar(100) NOT NULL,
  `LIBELLE` varchar(100) NOT NULL,
  `VALEUR` varchar(100) NOT NULL,
  `EXPLICATION` varchar(500) NOT NULL,
  PRIMARY KEY (`IDENTIFIANT`)
) ENGINE=MyISAM AUTO_INCREMENT=33 DEFAULT CHARSET=latin1;

--
-- Contenu de la table `parametre`
--

INSERT INTO `parametre` (`IDENTIFIANT`, `TYPE`, `NOM`, `LIBELLE`, `VALEUR`, `EXPLICATION`) VALUES
(1, 'number', 'deconnect', 'Temps de connexion', '15', 'Temps sans clic en minute au bout duquel l''application se deconnecte automatiquement'),
(2, 'text', 'appli', 'Nom de l''application', 'FACTURATION SOLAS', 'Nom de l''application apparaissant dans le titre des mails envoyes'),
(3, 'text', 'nom_site', 'Url du site internet de l''application', 'www.pesagecci.com/facturation', 'URL du site ou est hebergee l''application sans le http:// ou https://'),
(4, 'ouinon', 'mail_server', 'Emission des mails', '0', 'Activation de la transmission de mail vers les utilisateurs, présence de serveur de mail'),
(5, 'ouinon', 'test_mail', 'Mail vers la boite de l''administrateur \r\n', '0', 'Envoyer tous les mails dans la boite de l''administrateur au lieu des opérateurs auxquels ils sont destinés'),
(6, 'ouinon', 'mail_fact', 'Emission de mail automatique de facturation ', '0', 'Activer ou non la generation des factures en debut de mois '),
(12, 'ouinon', 'autres', 'Facturation des autres produits', '1', 'Facturation des autres pesées '),
(7, 'text', 'mail_admin', 'Mail de l''administrateur', 'stephaneabro@cci.ci', 'Adresse électronique de l''administrateur de l''application'),
(8, 'number', 'facture', 'Mois en arrière a facturer', '6', 'Nombre de  mois en arrière de facturation automatique\r\n\r\n'),
(9, 'number', 'tarif', 'Tarif SOLAS (Franc CFA)', '2750', 'Coût de la prestation SOLAS'),
(10, 'ouinon', 'cafe', 'Facturation du café/cacao', '0', 'Facturation des pesées café/cacao'),
(11, 'ouinon', 'cajou', 'Facturation du coton/cajou', '1', 'Facturation des pesées coton/cajou'),
(13, 'number', 'nbpnt', 'Nombre de ponts par page', '3', 'Nombre maximum de ponts a afficher dans une page'),
(17, 'ouinon', 'genfact', 'Générer les factures sois même', '0', 'Forcer la génération des factures par le module d’émission des factures si elles ne l''ont pas encore été. (Dans ce cas, cette génération mettra du temps et risque d''echouer)'),
(14, 'number', 'nbchg', 'Nombre de chargeurs par page', '5', 'Nombre maximum de chargeurs a afficher dans une page'),
(16, 'text', 'pass', 'Mot de passe par défaut', '12345', 'Mot de passe après la création ou la réinitialisation du compte '),
(15, 'number', 'nbuser', 'Nombre d''utilisateurs par page', '3', 'Nombre maximum d''utilisateurs a afficher dans une page'),
(19, 'text', 'numcc', 'Numéro de coompte contribuable', '9-206.388.X', 'Numéro de coompte contribuable de la CCI'),
(20, 'text', 'regime', 'Régime fiscal', 'Régime du réel normal', 'Régime fiscal de la CCI'),
(21, 'text', 'impot', 'Centre des impôts', 'Direction des grandes entreprises', 'Centre des impôts de la CCI'),
(22, 'text', 'bank', 'Banque', 'UBA COTE DIVOIRE', 'Banque de la CCI'),
(23, 'text', 'compte', 'Compte banquaire', 'CI150 0100 101090011461', 'Compte banquaire de la CCI'),
(24, 'number', 'tva', 'Taux de la TVA', '18', 'Taux de TVA en vigueur'),
(25, 'text', 'signature', 'Signature du chef comptable', 'facture_solas.png', 'Fichier image de la signature du Chef de Département Comptable et Financier'),
(26, 'ouinon', 'cumul', 'Factures cumulatives', '1', 'Si les factures sont cumulatives, celles-ci s''additionnent chaque mois en cas d’impayé. les paiements doivent être mis a jour. Si non cumulatives, ce sont les non paiements qui doivent être mis a jour. '),
(27, 'number', 'cmpt_colec', 'Compte Collectif', '411230', ''),
(29, 'text', 'code_j', 'Code journal', 'VEN', ''),
(30, 'number', 'num_prod', 'Numéro Produit', '706109', ''),
(31, 'text', 'numfac_cafe', 'Numéro facture café & cacao', 'SOLCC2223', 'Numéro facture café & cacao'),
(32, 'text', 'numfac_autre', 'Numéro facture AUTRES produit', 'SOL220730', 'Numéro facture AUTRES produi');

-- --------------------------------------------------------

--
-- Structure de la table `pont`
--

DROP TABLE IF EXISTS `pont`;
CREATE TABLE IF NOT EXISTS `pont` (
  `IDENTIFIANT` int(11) NOT NULL AUTO_INCREMENT,
  `STATUT` int(1) NOT NULL DEFAULT '0',
  `ID_PONT` int(11) NOT NULL,
  `ID_USER` int(11) NOT NULL,
  `IMPAYES` int(10) NOT NULL DEFAULT '0',
  `DATE_CREATION` datetime NOT NULL DEFAULT CURRENT_TIMESTAMP,
  PRIMARY KEY (`IDENTIFIANT`)
) ENGINE=MyISAM AUTO_INCREMENT=62 DEFAULT CHARSET=latin1;

--
-- Contenu de la table `pont`
--

INSERT INTO `pont` (`IDENTIFIANT`, `STATUT`, `ID_PONT`, `ID_USER`, `IMPAYES`, `DATE_CREATION`) VALUES
(1, 0, 210, 2, 37041085, '2021-09-30 10:33:47'),
(2, 0, 196, 3, 1, '2021-09-30 10:33:47'),
(3, 0, 97, 4, 0, '2021-09-30 10:33:47'),
(4, 0, 66, 5, 372273775, '2021-09-30 10:33:47'),
(5, 0, 175, 6, 3585725, '2021-09-30 10:33:47'),
(6, 0, 174, 7, 1120735, '2021-09-30 10:33:47'),
(7, 0, 204, 8, 7230428, '2021-09-30 10:33:47'),
(8, 0, 146, 9, 22273975, '2021-09-30 10:33:47'),
(9, 0, 145, 10, 1216386480, '2021-09-30 10:33:47'),
(10, 0, 157, 10, 1216386480, '2021-09-30 10:33:47'),
(11, 0, 161, 10, 1216386480, '2021-09-30 10:33:47'),
(12, 0, 159, 10, 1216386480, '2021-09-30 10:33:47'),
(13, 0, 160, 10, 1216386480, '2021-09-30 10:33:47'),
(14, 0, 158, 10, 1216386480, '2021-09-30 10:33:47'),
(15, 0, 7, 10, 1216386480, '2021-09-30 10:33:47'),
(16, 0, 168, 10, 1216386480, '2021-09-30 10:33:47'),
(17, 0, 156, 10, 1216386480, '2021-09-30 10:33:47'),
(18, 0, 135, 10, 1216386480, '2021-09-30 10:33:47'),
(19, 0, 166, 11, 0, '2021-09-30 10:33:47'),
(20, 0, 113, 12, 12456080, '2021-09-30 10:33:47'),
(21, 0, 170, 13, 29993535, '2021-09-30 10:33:47'),
(22, 0, 171, 13, 29993535, '2021-09-30 10:33:47'),
(23, 0, 167, 14, 337480, '2021-09-30 10:33:47'),
(24, 0, 100, 15, 0, '2021-09-30 10:33:47'),
(25, 0, 213, 16, 9760960, '2021-09-30 10:33:47'),
(26, 0, 207, 17, 4332075, '2021-09-30 10:33:47'),
(27, 0, 201, 18, 4104925, '2021-09-30 10:33:47'),
(28, 0, 75, 19, 52715025, '2021-09-30 10:33:47'),
(29, 0, 61, 20, 49791280, '2021-09-30 10:33:47'),
(30, 0, 82, 21, 880000, '2021-09-30 10:33:47'),
(31, 0, 131, 22, 29205, '2021-09-30 10:33:47'),
(32, 0, 184, 23, 87005985, '2021-09-30 10:33:47'),
(33, 0, 73, 23, 87005985, '2021-09-30 10:33:47'),
(34, 0, 92, 24, 7317475, '2021-09-30 10:33:47'),
(35, 0, 169, 25, 7093570, '2021-09-30 10:33:47'),
(36, 0, 162, 26, 2271500, '2021-09-30 10:33:47'),
(37, 0, 205, 27, 2529615, '2021-09-30 10:33:47'),
(38, 0, 63, 28, 98726540, '2021-09-30 10:33:47'),
(39, 0, 72, 28, 98726540, '2021-09-30 10:33:47'),
(40, 0, 50, 29, 76989495, '2021-09-30 10:33:47'),
(41, 0, 208, 29, 76989495, '2021-09-30 10:33:47'),
(42, 0, 85, 29, 76989495, '2021-09-30 10:33:47'),
(43, 0, 96, 31, 7265995, '2021-09-30 10:33:47'),
(44, 0, 144, 32, 58410, '2021-09-30 10:33:47'),
(45, 0, 38, 10, 1216386480, '2021-09-30 10:33:47'),
(46, 0, 36, 10, 1216386480, '2021-09-30 10:33:47'),
(47, 0, 214, 10, 1216386480, '2021-09-30 10:33:47'),
(48, 0, 40, 10, 1216386480, '2021-09-30 10:33:47'),
(49, 0, 42, 10, 1216386480, '2021-09-30 10:33:47'),
(53, 0, 81, 10, 1216386480, '2021-09-30 10:33:47'),
(52, 0, 142, 33, 6032455, '2021-09-30 10:33:47'),
(54, 0, 138, 10, 1216386480, '2021-09-30 10:33:47'),
(55, 0, 67, 23, 87005985, '2021-09-30 10:33:47'),
(56, 0, 177, 23, 87005985, '2021-09-30 10:33:47'),
(57, 0, 155, 23, 87005985, '2021-09-30 10:33:47'),
(58, 0, 180, 23, 87005985, '2021-09-30 10:33:47'),
(59, 1, 178, 34, 175232, '2021-10-04 15:58:10'),
(60, 1, 185, 34, 1, '2021-10-07 10:55:12'),
(61, 0, 101, 34, 334245, '2021-10-07 10:56:24');

-- --------------------------------------------------------

--
-- Structure de la table `posseder`
--

DROP TABLE IF EXISTS `posseder`;
CREATE TABLE IF NOT EXISTS `posseder` (
  `IDENTIFIANT` int(11) NOT NULL AUTO_INCREMENT,
  `ID_USER` int(11) NOT NULL,
  `ID_CHAR` int(11) NOT NULL,
  `STATUT` int(11) NOT NULL,
  PRIMARY KEY (`IDENTIFIANT`)
) ENGINE=InnoDB DEFAULT CHARSET=utf8;

-- --------------------------------------------------------

--
-- Structure de la table `user`
--

DROP TABLE IF EXISTS `user`;
CREATE TABLE IF NOT EXISTS `user` (
  `IDENTIFIANT` int(10) NOT NULL AUTO_INCREMENT,
  `TYPE` int(10) NOT NULL,
  `STATUT` int(1) NOT NULL DEFAULT '0',
  `STRUCTURE` varchar(50) NOT NULL,
  `LOGIN` varchar(50) NOT NULL,
  `BP` varchar(100) DEFAULT NULL,
  `TELEPHONE` varchar(100) DEFAULT NULL,
  `NUM_CC` varchar(100) DEFAULT NULL,
  `ADRESSE_GEO` text,
  `ACOMPTE` int(10) NOT NULL DEFAULT '0',
  `PASS` varchar(50) NOT NULL,
  `FIRST_CONNECTION` int(1) NOT NULL DEFAULT '0' COMMENT '0-pas encore connécté/1-deja connecté/2-mot de passe réinitialisé ',
  `DERNIERE_ACTION` int(16) NOT NULL DEFAULT '0',
  `LAST_PAGE` varchar(100) DEFAULT NULL,
  `DATE_CREATION` datetime NOT NULL DEFAULT CURRENT_TIMESTAMP,
  `CREATEUR` int(10) NOT NULL,
  `DATE_MODIF` datetime DEFAULT NULL,
  `MODIFICATEUR` int(10) NOT NULL DEFAULT '0',
  PRIMARY KEY (`IDENTIFIANT`)
) ENGINE=MyISAM AUTO_INCREMENT=35 DEFAULT CHARSET=latin1;

--
-- Contenu de la table `user`
--

INSERT INTO `user` (`IDENTIFIANT`, `TYPE`, `STATUT`, `STRUCTURE`, `LOGIN`, `BP`, `TELEPHONE`, `NUM_CC`, `ADRESSE_GEO`, `ACOMPTE`, `PASS`, `FIRST_CONNECTION`, `DERNIERE_ACTION`, `LAST_PAGE`, `DATE_CREATION`, `CREATEUR`, `DATE_MODIF`, `MODIFICATEUR`) VALUES
(1, 1, 0, 'COMPTABILITE', 'compta', '', '', '', '', 0, '12345', 1, 0, '', '2021-08-17 09:59:03', 0, NULL, 0),
(2, 2, 0, 'EXAT AGRICULTURE', 'exat', '09 BP 1233 ABIDJAN', '8098090890', '411230084', '', 0, '12345', 1, 0, '', '2021-08-17 09:59:03', 0, '2022-08-22 10:00:16', 1),
(3, 2, 0, 'ADF-AGRO', 'adf', '', '', '', '', 0, '54321', 1, 0, '', '2021-08-17 09:59:03', 0, '2021-10-04 16:34:05', 1),
(4, 2, 0, 'AIRONE CI', 'airone', '', '', '411230040', '', 0, '12345', 2, 1625004730, 'vgm', '2021-08-17 09:59:03', 0, '2021-10-04 16:34:43', 1),
(5, 2, 0, 'APM T CI', 'apmtci', '', '', '411230332', '', 0, '12345', 2, 0, '', '2021-08-17 09:59:03', 0, '2022-08-22 09:41:01', 1),
(6, 2, 0, 'ASAF RUBBER INDUSTRY', 'asaf', '', '', '411230044', '', 0, '12345', 2, 0, 'pont', '2021-08-17 09:59:03', 0, NULL, 0),
(7, 2, 0, 'AWAHUS SERVICE', 'awahus', '', '', '411230338', '', 0, '12345', 2, 0, 'pont', '2021-08-17 09:59:03', 0, '2022-08-22 09:42:23', 1),
(8, 2, 0, 'BACIBAM', 'bacibam', '', '', '411230744', '', 0, '12345', 2, 0, 'vgm', '2021-08-17 09:59:03', 0, '2022-08-22 09:43:52', 1),
(9, 2, 0, 'BANACI', 'banaci', '', '', '411230048', '', 0, '12345', 2, 0, '', '2021-08-17 09:59:03', 0, '2022-08-22 09:45:49', 1),
(10, 2, 0, 'BOLLORE AFRICA LOGISTICS', 'bollore', '09 BP 23 ABIDJAN', '2134568754', '411230370', '', 0, '12345', 1, 0, '', '2021-08-17 09:59:03', 0, '2022-08-22 09:46:40', 1),
(11, 2, 0, 'CARTE D''OR COTE D''IVOIRE', 'cartedor', '', '', '411230361', '', 0, '12345', 2, 0, 'charg', '2021-08-17 09:59:03', 0, NULL, 0),
(12, 2, 0, 'CCI-CI', 'ccici', '', '', '411230001', '', 0, '12345', 2, 0, '', '2021-08-17 09:59:03', 0, '2022-08-22 09:55:07', 1),
(13, 2, 0, 'CCP', 'ccp', '', '', '411230001', '', 0, '12345', 2, 1601463677, 'charg', '2021-08-17 09:59:03', 0, '2022-08-22 09:56:05', 1),
(14, 2, 0, 'CELEF IMPORT-EXPORT', 'celef', '', '', '411230362', '', 0, '12345', 2, 0, '', '2021-08-17 09:59:03', 0, NULL, 0),
(15, 2, 0, 'COCOPACK', 'cocopack', '', '', '411230070', '', 0, '12345', 2, 0, '', '2021-08-17 09:59:03', 0, NULL, 0),
(16, 2, 0, 'COIC SA', 'coic', '', '', '411230071', '', 0, '12345', 2, 0, '', '2021-08-17 09:59:03', 0, '2022-08-22 09:57:22', 1),
(17, 2, 0, 'COMPAGNIE CACAOYERE DU BANDAMA', 'ccb', '', '', '411230748', '', 0, '12345', 2, 0, '', '2021-08-17 09:59:03', 0, '2022-08-22 09:58:28', 1),
(18, 2, 0, 'COTIERE TRANSIT ET MANUTENTION', 'ctm', '', '', '411230729', '', 0, '12345', 2, 0, '', '2021-08-17 09:59:03', 0, NULL, 0),
(19, 2, 0, 'EOLIS', 'eolis', '', '', '411230005', '', 0, '12345', 2, 0, '', '2021-08-17 09:59:03', 0, '2022-08-22 09:59:22', 1),
(20, 2, 0, 'FARLIN', 'farlin', '', '', '411230245', '', 0, '12345', 2, 0, '', '2021-08-17 09:59:03', 0, '2022-08-22 10:01:04', 1),
(21, 2, 0, 'FORAGRI', 'foragri', '', '', '', '', 0, '12345', 2, 0, '', '2021-08-17 09:59:03', 0, NULL, 0),
(22, 2, 0, 'FRUITPACK', 'fruitpack', '', '', '', '', 0, '12345', 2, 0, '', '2021-08-17 09:59:03', 0, NULL, 0),
(23, 2, 0, 'GMCI', 'gmci', '', '', '411230415', '', 0, '12345', 2, 0, '', '2021-08-17 09:59:03', 0, '2022-08-22 10:01:51', 1),
(24, 2, 0, 'GROUPE SCAB', 'scab', '', '', '411230123', '', 0, '12345', 2, 0, '', '2021-08-17 09:59:03', 0, '2022-08-22 10:03:03', 1),
(25, 2, 0, 'ICP', 'icp', '', '', '411230001', '', 0, '12345', 2, 0, '', '2021-08-17 09:59:03', 0, '2022-08-22 10:04:02', 1),
(26, 2, 0, 'IVOIRE AGREAGE', 'ivoireagreage', '', '', '411230220', '', 0, '12345', 2, 0, '', '2021-08-17 09:59:03', 0, NULL, 0),
(27, 2, 0, 'KOFFIBAM', 'koffibam', '', '', '411230743', '', 0, '12345', 2, 0, '', '2021-08-17 09:59:03', 0, '2022-08-22 10:04:50', 1),
(28, 2, 0, 'MANTRA IVOIRE', 'mantra', '', '', '411230021', '', 0, '12345', 2, 0, '', '2021-08-17 09:59:03', 0, '2022-08-22 10:05:29', 1),
(29, 2, 0, 'MOVIS', 'movis', '', '', '411230247', '', 0, '12345', 2, 0, '', '2021-08-17 09:59:03', 0, '2022-08-22 10:06:45', 1),
(31, 2, 0, 'NESTLE', 'nestle', '', '', '411230418', '', 0, '12345', 2, 0, '', '2021-08-17 09:59:03', 0, '2022-08-22 10:07:59', 1),
(32, 2, 0, 'NSDA', 'nsda', '', '', '411230496', '', 0, '12345', 2, 0, '', '2021-08-17 09:59:03', 0, NULL, 0),
(33, 2, 0, 'AK INTER', 'ak', '', '', '411230009', '', 0, '12345', 0, 0, NULL, '2021-08-17 11:44:45', 1, '2022-08-22 09:31:25', 1),
(34, 2, 0, 'ITCA', 'itca', '', '2342443434', '411230097', '', 0, '12345', 0, 0, NULL, '2021-10-07 09:45:00', 1, '2021-10-07 11:39:18', 1);

/*!40101 SET CHARACTER_SET_CLIENT=@OLD_CHARACTER_SET_CLIENT */;
/*!40101 SET CHARACTER_SET_RESULTS=@OLD_CHARACTER_SET_RESULTS */;
/*!40101 SET COLLATION_CONNECTION=@OLD_COLLATION_CONNECTION */;
